Workbook

Sheet S0_README
A1: SHARP – AEGIS · interactive walkthrough
A2: A fully formula-linked tour of the credit-model governance flow on a small example. Change the blue inputs and every tab recalculates.
A4: How to read this workbook
A5: Each tab is one step of the flow. Work left to right. Everything is live: edit the blue input cells on 'S1_Input' (or the yellow thresholds) and every downstream number — WOE, importance, the selected features, PDs, grades and the final verdict — recalculates automatically.
A7: The flow (tab by tab)
A8: S1_Input → the example data: 24 applicants, 3 features + default outcome.
A9: S2_Governance → Stage 0 / Gate G0: which features are allowed; data sufficiency (EPV); materiality tier.
A10: S3_WOE_IV → Stage 1: bin each feature, compute Weight-of-Evidence (WOE) and Information Value (IV); the univariate screen.
A11: S4_Encoded → translate every applicant's values into WOE points (+ a shadow/noise feature).
A12: S5_Shapley → Stage 2: fair importance of each feature (Shapley) vs a random 'shadow' bar (shadow-null).
A13: S5b_Engine → the calculation engine behind S5 (every feature-subset's AUC). Reference only.
A14: S6_Parsimony → Stage 3: smallest set of features that keeps almost all the power (≤ 5% Gini loss).
... A24: This teaching workbook uses faithful stand-ins for three things the production pipeline does in Python: (1) the model's 'value' is the AUC of the summed-WOE score, not a cross-validated logistic fit; (2) calibration is the observed default rate per score band, not isotonic regression; (3) feature selection uses the Gini tolerance only (DeLong's significance test is not computed in Excel). The LOGIC and the thresholds are identical to the real flow — only the heavy numerical machinery is simplified so you can trace every number by hand.

Sheet S1_Input
A1: S1 · Input data
A2: Edit any blue cell. These 24 applicants are an illustrative synthetic example (not a real portfolio).
A4: Applicants (N) | B4: =COUNT(A12:A35)
A5: Defaults (events) | B5: =SUM(E12:E35)
A6: Base default rate | B6: =B5/B4
A7: Candidate features | B7: 3
A8: EPV = events / features | B8: =B5/B7
A9: EPV rule of thumb ≥ 10 (Peduzzi 1996). Here EPV is small — a known limitation of a 24-row teaching set.
A11: ID | B11: Income (k) | C11: Debt (k) | D11: Emp (years) | E11: Default (1=bad)
A12: 1 | B12: 60 | C12: 5 | D12: 10 | E12: 0
A13: 2 | B13: 55 | C13: 8 | D13: 8 | E13: 0
A14: 3 | B14: 50 | C14: 10 | D14: 6 | E14: 0
A15: 4 | B15: 48 | C15: 12 | D15: 5 | E15: 0
A16: 5 | B16: 45 | C16: 6 | D16: 7 | E16: 0
A17: 6 | B17: 42 | C17: 9 | D17: 4 | E17: 0
A18: 7 | B18: 40 | C18: 11 | D18: 6 | E18: 0
A19: 8 | B19: 38 | C19: 7 | D19: 5 | E19: 0
A20: 9 | B20: 37 | C20: 13 | D20: 2 | E20: 1
A21: 10 | B21: 33 | C21: 14 | D21: 1 | E21: 0
A22: 11 | B22: 34 | C22: 10 | D22: 2 | E22: 0
A23: 12 | B23: 36 | C23: 12 | D23: 1 | E23: 0
... A35: 24 | B35: 31 | C35: 21 | D35: 2 | E35: 0

Sheet S2_Governance
A1: S2 · Stage 0 / Gate G0 — eligibility, data sufficiency, tier
A2: Runs before any statistics. Nothing is dropped here — this is the governance scoping that every later tab inherits.
A4: Feature eligibility (ECOA / Reg B)
A5: Feature | B5: ECOA tag | C5: In this example? | D5: Why | E5: Decision
A6: Income | B6: permissible | C6: used | D6: ability to pay | E6: KEEP
A7: Debt | B7: permissible | C7: used | D7: existing obligations | E7: KEEP
A8: Emp (years) | B8: permissible | C8: used | D8: stability | E8: KEEP
A9: (Age) | B9: prohibited | C9: not in this toy set | D9: age is a protected basis; permitted only under EDDSS (no negative factor for 62+) | E9: would REQUIRE G0 sign-off
A10: (Shadow) | B10: n/a (noise) | C10: added in S4 | D10: random control to test the importance bar | E10: never deployable
A12: Data sufficiency
A13: Applicants (N) | B13: =S1_Input!B4
A14: Defaults (events) | B14: =S1_Input!B5
A15: Candidate features | B15: =S1_Input!B7
A16: EPV = events / features | B16: =S1_Input!B8
A17: EPV ≥ 10 rule (Peduzzi 1996)? | B17: =IF(S1_Input!B8>=10,"meets","BELOW (small-sample caveat)")
A19: Materiality tier (input) | B19: MEDIUM
A20: Tiers set the acceptance bars: LOW (owner sign) · MEDIUM (benchmark) · HIGH (core: EPV≥10, AUC≥0.80, HL pass).

Sheet S3_WOE_IV
A1: S3 · Stage 1 — binning, Weight-of-Evidence (WOE) & Information Value (IV)
A2: For each feature: split into two bins at the yellow cut, count good/bad, and compute how strongly it separates them. Screen keeps IV ≥ 0.02.
A4: Total good (non-default) | B4: =S1_Input!B4-S1_Input!B5
A5: Total bad (default) | B5: =S1_Input!B5
A7: Income (k) — cut at: | B7: 35
A8: Bin | B8: n_good | C8: n_bad | D8: %good | E8: %bad | F8: WOE | G8: IV part
A9: High (≥ cut) | B9: =COUNTIFS(S1_Input!$B$12:$B$35,">="&$B$7,S1_Input!$E$12:$E$35,0) | C9: =COUNTIFS(S1_Input!$B$12:$B$35,">="&$B$7,S1_Input!$E$12:$E$35,1) | D9: =B9/$B$4 | E9: =C9/$B$5 | F9: =LN(D9/E9) | G9: =(D9-E9)*F9
A10: Low (< cut) | B10: =COUNTIFS(S1_Input!$B$12:$B$35,"<"&$B$7,S1_Input!$E$12:$E$35,0) | C10: =COUNTIFS(S1_Input!$B$12:$B$35,"<"&$B$7,S1_Input!$E$12:$E$35,1) | D10: =B10/$B$4 | E10: =C10/$B$5 | F10: =LN(D10/E10) | G10: =(D10-E10)*F10
A11: Total IV | G11: =G9+G10 | H11: =IF(G11>=0.02,"PASS screen","drop")
A13: Debt (k) — cut at: | B13: 15
A14: Bin | B14: n_good | C14: n_bad | D14: %good | E14: %bad | F14: WOE | G14: IV part
A15: High (≥ cut) | B15: =COUNTIFS(S1_Input!$C$12:$C$35,">="&$B$13,S1_Input!$E$12:$E$35,0) | C15: =COUNTIFS(S1_Input!$C$12:$C$35,">="&$B$13,S1_Input!$E$12:$E$35,1) | D15: =B15/$B$4 | E15: =C15/$B$5 | F15: =LN(D15/E15) | G15: =(D15-E15)*F15
A16: Low (< cut) | B16: =COUNTIFS(S1_Input!$C$12:$C$35,"<"&$B$13,S1_Input!$E$12:$E$35,0) | C16: =COUNTIFS(S1_Input!$C$12:$C$35,"<"&$B$13,S1_Input!$E$12:$E$35,1) | D16: =B16/$B$4 | E16: =C16/$B$5 | F16: =LN(D16/E16) | G16: =(D16-E16)*F16
A17: Total IV | G17: =G15+G16 | H17: =IF(G17>=0.02,"PASS screen","drop")
A19: Emp (years) — cut at: | B19: 3
A20: Bin | B20: n_good | C20: n_bad | D20: %good | E20: %bad | F20: WOE | G20: IV part
A21: High (≥ cut) | B21: =COUNTIFS(S1_Input!$D$12:$D$35,">="&$B$19,S1_Input!$E$12:$E$35,0) | C21: =COUNTIFS(S1_Input!$D$12:$D$35,">="&$B$19,S1_Input!$E$12:$E$35,1) | D21: =B21/$B$4 | E21: =C21/$B$5 | F21: =LN(D21/E21) | G21: =(D21-E21)*F21
A22: Low (< cut) | B22: =COUNTIFS(S1_Input!$D$12:$D$35,"<"&$B$19,S1_Input!$E$12:$E$35,0) | C22: =COUNTIFS(S1_Input!$D$12:$D$35,"<"&$B$19,S1_Input!$E$12:$E$35,1) | D22: =B22/$B$4 | E22: =C22/$B$5 | F22: =LN(D22/E22) | G22: =(D22-E22)*F22
A23: Total IV | G23: =G21+G22 | H23: =IF(G23>=0.02,"PASS screen","drop")
A25: WOE = ln(%good / %bad): positive = safer-than-average, negative = riskier. IV bands: <0.02 useless · 0.02–0.1 weak · 0.1–0.3 medium · >0.3 strong.

Sheet S4_Encoded
A1: S4 · WOE-encoded applicants (+ shadow/noise feature)
A2: Each applicant's raw values are translated into WOE points by looking up the bin they fall in. The shadow column is a scrambled copy of Income — pure noise.
A4: ID | B4: Income | C4: Debt | D4: Emp | E4: Default | F4: Income_WOE | G4: Debt_WOE | H4: Emp_WOE | I4: shadow_src | J4: Shadow_WOE | K4: Full_score
A5: =S1_Input!A12 | B5: =S1_Input!B12 | C5: =S1_Input!C12 | D5: =S1_Input!D12 | E5: =S1_Input!E12 | F5: =IF(B5>=S3_WOE_IV!$B$7,S3_WOE_IV!$F$9,S3_WOE_IV!$F$10) | G5: =IF(C5>=S3_WOE_IV!$B$13,S3_WOE_IV!$F$15,S3_WOE_IV!$F$16) | H5: =IF(D5>=S3_WOE_IV!$B$19,S3_WOE_IV!$F$21,S3_WOE_IV!$F$22) | I5: 6 | J5: =INDEX($F$5:$F$28,I5) | K5: =F5+G5+H5
A6: =S1_Input!A13 | B6: =S1_Input!B13 | C6: =S1_Input!C13 | D6: =S1_Input!D13 | E6: =S1_Input!E13 | F6: =IF(B6>=S3_WOE_IV!$B$7,S3_WOE_IV!$F$9,S3_WOE_IV!$F$10) | G6: =IF(C6>=S3_WOE_IV!$B$13,S3_WOE_IV!$F$15,S3_WOE_IV!$F$16) | H6: =IF(D6>=S3_WOE_IV!$B$19,S3_WOE_IV!$F$21,S3_WOE_IV!$F$22) | I6: 13 | J6: =INDEX($F$5:$F$28,I6) | K6: =F6+G6+H6
A7: =S1_Input!A14 | B7: =S1_Input!B14 | C7: =S1_Input!C14 | D7: =S1_Input!D14 | E7: =S1_Input!E14 | F7: =IF(B7>=S3_WOE_IV!$B$7,S3_WOE_IV!$F$9,S3_WOE_IV!$F$10) | G7: =IF(C7>=S3_WOE_IV!$B$13,S3_WOE_IV!$F$15,S3_WOE_IV!$F$16) | H7: =IF(D7>=S3_WOE_IV!$B$19,S3_WOE_IV!$F$21,S3_WOE_IV!$F$22) | I7: 20 | J7: =INDEX($F$5:$F$28,I7) | K7: =F7+G7+H7
A8: =S1_Input!A15 | B8: =S1_Input!B15 | C8: =S1_Input!C15 | D8: =S1_Input!D15 | E8: =S1_Input!E15 | F8: =IF(B8>=S3_WOE_IV!$B$7,S3_WOE_IV!$F$9,S3_WOE_IV!$F$10) | G8: =IF(C8>=S3_WOE_IV!$B$13,S3_WOE_IV!$F$15,S3_WOE_IV!$F$16) | H8: =IF(D8>=S3_WOE_IV!$B$19,S3_WOE_IV!$F$21,S3_WOE_IV!$F$22) | I8: 3 | J8: =INDEX($F$5:$F$28,I8) | K8: =F8+G8+H8
A9: =S1_Input!A16 | B9: =S1_Input!B16 | C9: =S1_Input!C16 | D9: =S1_Input!D16 | E9: =S1_Input!E16 | F9: =IF(B9>=S3_WOE_IV!$B$7,S3_WOE_IV!$F$9,S3_WOE_IV!$F$10) | G9: =IF(C9>=S3_WOE_IV!$B$13,S3_WOE_IV!$F$15,S3_WOE_IV!$F$16) | H9: =IF(D9>=S3_WOE_IV!$B$19,S3_WOE_IV!$F$21,S3_WOE_IV!$F$22) | I9: 10 | J9: =INDEX($F$5:$F$28,I9) | K9: =F9+G9+H9
A10: =S1_Input!A17 | B10: =S1_Input!B17 | C10: =S1_Input!C17 | D10: =S1_Input!D17 | E10: =S1_Input!E17 | F10: =IF(B10>=S3_WOE_IV!$B$7,S3_WOE_IV!$F$9,S3_WOE_IV!$F$10) | G10: =IF(C10>=S3_WOE_IV!$B$13,S3_WOE_IV!$F$15,S3_WOE_IV!$F$16) | H10: =IF(D10>=S3_WOE_IV!$B$19,S3_WOE_IV!$F$21,S3_WOE_IV!$F$22) | I10: 17 | J10: =INDEX($F$5:$F$28,I10) | K10: =F10+G10+H10
A11: =S1_Input!A18 | B11: =S1_Input!B18 | C11: =S1_Input!C18 | D11: =S1_Input!D18 | E11: =S1_Input!E18 | F11: =IF(B11>=S3_WOE_IV!$B$7,S3_WOE_IV!$F$9,S3_WOE_IV!$F$10) | G11: =IF(C11>=S3_WOE_IV!$B$13,S3_WOE_IV!$F$15,S3_WOE_IV!$F$16) | H11: =IF(D11>=S3_WOE_IV!$B$19,S3_WOE_IV!$F$21,S3_WOE_IV!$F$22) | I11: 24 | J11: =INDEX($F$5:$F$28,I11) | K11: =F11+G11+H11
A12: =S1_Input!A19 | B12: =S1_Input!B19 | C12: =S1_Input!C19 | D12: =S1_Input!D19 | E12: =S1_Input!E19 | F12: =IF(B12>=S3_WOE_IV!$B$7,S3_WOE_IV!$F$9,S3_WOE_IV!$F$10) | G12: =IF(C12>=S3_WOE_IV!$B$13,S3_WOE_IV!$F$15,S3_WOE_IV!$F$16) | H12: =IF(D12>=S3_WOE_IV!$B$19,S3_WOE_IV!$F$21,S3_WOE_IV!$F$22) | I12: 7 | J12: =INDEX($F$5:$F$28,I12) | K12: =F12+G12+H12
A13: =S1_Input!A20 | B13: =S1_Input!B20 | C13: =S1_Input!C20 | D13: =S1_Input!D20 | E13: =S1_Input!E20 | F13: =IF(B13>=S3_WOE_IV!$B$7,S3_WOE_IV!$F$9,S3_WOE_IV!$F$10) | G13: =IF(C13>=S3_WOE_IV!$B$13,S3_WOE_IV!$F$15,S3_WOE_IV!$F$16) | H13: =IF(D13>=S3_WOE_IV!$B$19,S3_WOE_IV!$F$21,S3_WOE_IV!$F$22) | I13: 14 | J13: =INDEX($F$5:$F$28,I13) | K13: =F13+G13+H13
A14: =S1_Input!A21 | B14: =S1_Input!B21 | C14: =S1_Input!C21 | D14: =S1_Input!D21 | E14: =S1_Input!E21 | F14: =IF(B14>=S3_WOE_IV!$B$7,S3_WOE_IV!$F$9,S3_WOE_IV!$F$10) | G14: =IF(C14>=S3_WOE_IV!$B$13,S3_WOE_IV!$F$15,S3_WOE_IV!$F$16) | H14: =IF(D14>=S3_WOE_IV!$B$19,S3_WOE_IV!$F$21,S3_WOE_IV!$F$22) | I14: 21 | J14: =INDEX($F$5:$F$28,I14) | K14: =F14+G14+H14
A15: =S1_Input!A22 | B15: =S1_Input!B22 | C15: =S1_Input!C22 | D15: =S1_Input!D22 | E15: =S1_Input!E22 | F15: =IF(B15>=S3_WOE_IV!$B$7,S3_WOE_IV!$F$9,S3_WOE_IV!$F$10) | G15: =IF(C15>=S3_WOE_IV!$B$13,S3_WOE_IV!$F$15,S3_WOE_IV!$F$16) | H15: =IF(D15>=S3_WOE_IV!$B$19,S3_WOE_IV!$F$21,S3_WOE_IV!$F$22) | I15: 4 | J15: =INDEX($F$5:$F$28,I15) | K15: =F15+G15+H15
A16: =S1_Input!A23 | B16: =S1_Input!B23 | C16: =S1_Input!C23 | D16: =S1_Input!D23 | E16: =S1_Input!E23 | F16: =IF(B16>=S3_WOE_IV!$B$7,S3_WOE_IV!$F$9,S3_WOE_IV!$F$10) | G16: =IF(C16>=S3_WOE_IV!$B$13,S3_WOE_IV!$F$15,S3_WOE_IV!$F$16) | H16: =IF(D16>=S3_WOE_IV!$B$19,S3_WOE_IV!$F$21,S3_WOE_IV!$F$22) | I16: 11 | J16: =INDEX($F$5:$F$28,I16) | K16: =F16+G16+H16
... A28: =S1_Input!A35 | B28: =S1_Input!B35 | C28: =S1_Input!C35 | D28: =S1_Input!D35 | E28: =S1_Input!E35 | F28: =IF(B28>=S3_WOE_IV!$B$7,S3_WOE_IV!$F$9,S3_WOE_IV!$F$10) | G28: =IF(C28>=S3_WOE_IV!$B$13,S3_WOE_IV!$F$15,S3_WOE_IV!$F$16) | H28: =IF(D28>=S3_WOE_IV!$B$19,S3_WOE_IV!$F$21,S3_WOE_IV!$F$22) | I28: 23 | J28: =INDEX($F$5:$F$28,I28) | K28: =F28+G28+H28
A30: Full_score = Income_WOE + Debt_WOE + Emp_WOE (the 3 real features). Higher score = safer.

Sheet S5_Shapley
A1: S5 · Stage 2 — fair importance (Shapley) with a shadow-null bar
A2: Each feature's fair share of the model's ranking power, averaged over every team it could join. A real feature is kept only if it beats the random 'shadow'.
A4: Player | B4: Shapley importance | C4: Shadow bar | D4: Confirmed?
A5: Income | B5: =0.250000*(S5b_Engine!$D$31-S5b_Engine!$B$31)+0.083333*(S5b_Engine!$L$31-S5b_Engine!$F$31)+0.083333*(S5b_Engine!$N$31-S5b_Engine!$H$31)+0.083333*(S5b_Engine!$P$31-S5b_Engine!$J$31)+0.083333*(S5b_Engine!$X$31-S5b_Engine!$R$31)+0.083333*(S5b_Engine!$Z$31-S5b_Engine!$T$31)+0.083333*(S5b_Engine!$AB$31-S5b_Engine!$V$31)+0.250000*(S5b_Engine!$AF$31-S5b_Engine!$AD$31) | C5: =$B$8 | D5: =IF(B5>$B$8,"CONFIRMED","rejected")
A6: Debt | B6: =0.250000*(S5b_Engine!$F$31-S5b_Engine!$B$31)+0.083333*(S5b_Engine!$L$31-S5b_Engine!$D$31)+0.083333*(S5b_Engine!$R$31-S5b_Engine!$H$31)+0.083333*(S5b_Engine!$T$31-S5b_Engine!$J$31)+0.083333*(S5b_Engine!$X$31-S5b_Engine!$N$31)+0.083333*(S5b_Engine!$Z$31-S5b_Engine!$P$31)+0.083333*(S5b_Engine!$AD$31-S5b_Engine!$V$31)+0.250000*(S5b_Engine!$AF$31-S5b_Engine!$AB$31) | C6: =$B$8 | D6: =IF(B6>$B$8,"CONFIRMED","rejected")
A7: Emp | B7: =0.250000*(S5b_Engine!$H$31-S5b_Engine!$B$31)+0.083333*(S5b_Engine!$N$31-S5b_Engine!$D$31)+0.083333*(S5b_Engine!$R$31-S5b_Engine!$F$31)+0.083333*(S5b_Engine!$V$31-S5b_Engine!$J$31)+0.083333*(S5b_Engine!$X$31-S5b_Engine!$L$31)+0.083333*(S5b_Engine!$AB$31-S5b_Engine!$P$31)+0.083333*(S5b_Engine!$AD$31-S5b_Engine!$T$31)+0.250000*(S5b_Engine!$AF$31-S5b_Engine!$Z$31) | C7: =$B$8 | D7: =IF(B7>$B$8,"CONFIRMED","rejected")
A8: Shadow | B8: =0.250000*(S5b_Engine!$J$31-S5b_Engine!$B$31)+0.083333*(S5b_Engine!$P$31-S5b_Engine!$D$31)+0.083333*(S5b_Engine!$T$31-S5b_Engine!$F$31)+0.083333*(S5b_Engine!$V$31-S5b_Engine!$H$31)+0.083333*(S5b_Engine!$Z$31-S5b_Engine!$L$31)+0.083333*(S5b_Engine!$AB$31-S5b_Engine!$N$31)+0.083333*(S5b_Engine!$AD$31-S5b_Engine!$R$31)+0.250000*(S5b_Engine!$AF$31-S5b_Engine!$X$31) | C8: (itself) | D8: noise control
A10: Shadow-null rule: keep a feature only if its Shapley importance exceeds the shadow's (the real pipeline uses the 95th percentile of ≥10 shadows; here one shadow stands in). No p-values are used.

Sheet S5b_Engine
A1: S5b · Calculation engine (reference only)
A2: For every subset of the 4 players, the AUC of its summed-WOE score. S5 reads these to compute Shapley importance. You don't need to edit this tab.
A3: Applicant | B3: Default | D3: {Inc} | F3: {Deb} | H3: {Emp} | J3: {Sha} | L3: {Inc,Deb} | N3: {Inc,Emp} | P3: {Inc,Sha} | R3: {Deb,Emp} | T3: {Deb,Sha} | V3: {Emp,Sha} | X3: {Inc,Deb,Emp} | Z3: {Inc,Deb,Sha} | AB3: {Inc,Emp,Sha} | AD3: {Deb,Emp,Sha} | AF3: {Inc,Deb,Emp,Sha}
D4: score | E4: rank | F4: score | G4: rank | H4: score | I4: rank | J4: score | K4: rank | L4: score | M4: rank | N4: score | O4: rank | P4: score | Q4: rank | R4: score | S4: rank | T4: score | U4: rank | V4: score | W4: rank | X4: score | Y4: rank | Z4: score | AA4: rank | AB4: score | AC4: rank | AD4: score | AE4: rank | AF4: score | AG4: rank
A5: =S4_Encoded!A5 | B5: =S4_Encoded!E5 | D5: =S4_Encoded!F5 | E5: =COUNTIF(D$5:D$28,"<"&D5)+(COUNTIF(D$5:D$28,"="&D5)+1)/2 | F5: =S4_Encoded!G5 | G5: =COUNTIF(F$5:F$28,"<"&F5)+(COUNTIF(F$5:F$28,"="&F5)+1)/2 | H5: =S4_Encoded!H5 | I5: =COUNTIF(H$5:H$28,"<"&H5)+(COUNTIF(H$5:H$28,"="&H5)+1)/2 | J5: =S4_Encoded!J5 | K5: =COUNTIF(J$5:J$28,"<"&J5)+(COUNTIF(J$5:J$28,"="&J5)+1)/2 | L5: =S4_Encoded!F5+S4_Encoded!G5 | M5: =COUNTIF(L$5:L$28,"<"&L5)+(COUNTIF(L$5:L$28,"="&L5)+1)/2 | N5: =S4_Encoded!F5+S4_Encoded!H5 | O5: =COUNTIF(N$5:N$28,"<"&N5)+(COUNTIF(N$5:N$28,"="&N5)+1)/2 | P5: =S4_Encoded!F5+S4_Encoded!J5 | Q5: =COUNTIF(P$5:P$28,"<"&P5)+(COUNTIF(P$5:P$28,"="&P5)+1)/2 | R5: =S4_Encoded!G5+S4_Encoded!H5 | S5: =COUNTIF(R$5:R$28,"<"&R5)+(COUNTIF(R$5:R$28,"="&R5)+1)/2 | T5: =S4_Encoded!G5+S4_Encoded!J5 | U5: =COUNTIF(T$5:T$28,"<"&T5)+(COUNTIF(T$5:T$28,"="&T5)+1)/2 | V5: =S4_Encoded!H5+S4_Encoded!J5 | W5: =COUNTIF(V$5:V$28,"<"&V5)+(COUNTIF(V$5:V$28,"="&V5)+1)/2 | X5: =S4_Encoded!F5+S4_Encoded!G5+S4_Encoded!H5 | Y5: =COUNTIF(X$5:X$28,"<"&X5)+(COUNTIF(X$5:X$28,"="&X5)+1)/2 | Z5: =S4_Encoded!F5+S4_Encoded!G5+S4_Encoded!J5 | AA5: =COUNTIF(Z$5:Z$28,"<"&Z5)+(COUNTIF(Z$5:Z$28,"="&Z5)+1)/2 | AB5: =S4_Encoded!F5+S4_Encoded!H5+S4_Encoded!J5 | AC5: =COUNTIF(AB$5:AB$28,"<"&AB5)+(COUNTIF(AB$5:AB$28,"="&AB5)+1)/2 | AD5: =S4_Encoded!G5+S4_Encoded!H5+S4_Encoded!J5 | AE5: =COUNTIF(AD$5:AD$28,"<"&AD5)+(COUNTIF(AD$5:AD$28,"="&AD5)+1)/2 | AF5: =S4_Encoded!F5+S4_Encoded!G5+S4_Encoded!H5+S4_Encoded!J5 | AG5: =COUNTIF(AF$5:AF$28,"<"&AF5)+(COUNTIF(AF$5:AF$28,"="&AF5)+1)/2
A6: =S4_Encoded!A6 | B6: =S4_Encoded!E6 | D6: =S4_Encoded!F6 | E6: =COUNTIF(D$5:D$28,"<"&D6)+(COUNTIF(D$5:D$28,"="&D6)+1)/2 | F6: =S4_Encoded!G6 | G6: =COUNTIF(F$5:F$28,"<"&F6)+(COUNTIF(F$5:F$28,"="&F6)+1)/2 | H6: =S4_Encoded!H6 | I6: =COUNTIF(H$5:H$28,"<"&H6)+(COUNTIF(H$5:H$28,"="&H6)+1)/2 | J6: =S4_Encoded!J6 | K6: =COUNTIF(J$5:J$28,"<"&J6)+(COUNTIF(J$5:J$28,"="&J6)+1)/2 | L6: =S4_Encoded!F6+S4_Encoded!G6 | M6: =COUNTIF(L$5:L$28,"<"&L6)+(COUNTIF(L$5:L$28,"="&L6)+1)/2 | N6: =S4_Encoded!F6+S4_Encoded!H6 | O6: =COUNTIF(N$5:N$28,"<"&N6)+(COUNTIF(N$5:N$28,"="&N6)+1)/2 | P6: =S4_Encoded!F6+S4_Encoded!J6 | Q6: =COUNTIF(P$5:P$28,"<"&P6)+(COUNTIF(P$5:P$28,"="&P6)+1)/2 | R6: =S4_Encoded!G6+S4_Encoded!H6 | S6: =COUNTIF(R$5:R$28,"<"&R6)+(COUNTIF(R$5:R$28,"="&R6)+1)/2 | T6: =S4_Encoded!G6+S4_Encoded!J6 | U6: =COUNTIF(T$5:T$28,"<"&T6)+(COUNTIF(T$5:T$28,"="&T6)+1)/2 | V6: =S4_Encoded!H6+S4_Encoded!J6 | W6: =COUNTIF(V$5:V$28,"<"&V6)+(COUNTIF(V$5:V$28,"="&V6)+1)/2 | X6: =S4_Encoded!F6+S4_Encoded!G6+S4_Encoded!H6 | Y6: =COUNTIF(X$5:X$28,"<"&X6)+(COUNTIF(X$5:X$28,"="&X6)+1)/2 | Z6: =S4_Encoded!F6+S4_Encoded!G6+S4_Encoded!J6 | AA6: =COUNTIF(Z$5:Z$28,"<"&Z6)+(COUNTIF(Z$5:Z$28,"="&Z6)+1)/2 | AB6: =S4_Encoded!F6+S4_Encoded!H6+S4_Encoded!J6 | AC6: =COUNTIF(AB$5:AB$28,"<"&AB6)+(COUNTIF(AB$5:AB$28,"="&AB6)+1)/2 | AD6: =S4_Encoded!G6+S4_Encoded!H6+S4_Encoded!J6 | AE6: =COUNTIF(AD$5:AD$28,"<"&AD6)+(COUNTIF(AD$5:AD$28,"="&AD6)+1)/2 | AF6: =S4_Encoded!F6+S4_Encoded!G6+S4_Encoded!H6+S4_Encoded!J6 | AG6: =COUNTIF(AF$5:AF$28,"<"&AF6)+(COUNTIF(AF$5:AF$28,"="&AF6)+1)/2
A7: =S4_Encoded!A7 | B7: =S4_Encoded!E7 | D7: =S4_Encoded!F7 | E7: =COUNTIF(D$5:D$28,"<"&D7)+(COUNTIF(D$5:D$28,"="&D7)+1)/2 | F7: =S4_Encoded!G7 | G7: =COUNTIF(F$5:F$28,"<"&F7)+(COUNTIF(F$5:F$28,"="&F7)+1)/2 | H7: =S4_Encoded!H7 | I7: =COUNTIF(H$5:H$28,"<"&H7)+(COUNTIF(H$5:H$28,"="&H7)+1)/2 | J7: =S4_Encoded!J7 | K7: =COUNTIF(J$5:J$28,"<"&J7)+(COUNTIF(J$5:J$28,"="&J7)+1)/2 | L7: =S4_Encoded!F7+S4_Encoded!G7 | M7: =COUNTIF(L$5:L$28,"<"&L7)+(COUNTIF(L$5:L$28,"="&L7)+1)/2 | N7: =S4_Encoded!F7+S4_Encoded!H7 | O7: =COUNTIF(N$5:N$28,"<"&N7)+(COUNTIF(N$5:N$28,"="&N7)+1)/2 | P7: =S4_Encoded!F7+S4_Encoded!J7 | Q7: =COUNTIF(P$5:P$28,"<"&P7)+(COUNTIF(P$5:P$28,"="&P7)+1)/2 | R7: =S4_Encoded!G7+S4_Encoded!H7 | S7: =COUNTIF(R$5:R$28,"<"&R7)+(COUNTIF(R$5:R$28,"="&R7)+1)/2 | T7: =S4_Encoded!G7+S4_Encoded!J7 | U7: =COUNTIF(T$5:T$28,"<"&T7)+(COUNTIF(T$5:T$28,"="&T7)+1)/2 | V7: =S4_Encoded!H7+S4_Encoded!J7 | W7: =COUNTIF(V$5:V$28,"<"&V7)+(COUNTIF(V$5:V$28,"="&V7)+1)/2 | X7: =S4_Encoded!F7+S4_Encoded!G7+S4_Encoded!H7 | Y7: =COUNTIF(X$5:X$28,"<"&X7)+(COUNTIF(X$5:X$28,"="&X7)+1)/2 | Z7: =S4_Encoded!F7+S4_Encoded!G7+S4_Encoded!J7 | AA7: =COUNTIF(Z$5:Z$28,"<"&Z7)+(COUNTIF(Z$5:Z$28,"="&Z7)+1)/2 | AB7: =S4_Encoded!F7+S4_Encoded!H7+S4_Encoded!J7 | AC7: =COUNTIF(AB$5:AB$28,"<"&AB7)+(COUNTIF(AB$5:AB$28,"="&AB7)+1)/2 | AD7: =S4_Encoded!G7+S4_Encoded!H7+S4_Encoded!J7 | AE7: =COUNTIF(AD$5:AD$28,"<"&AD7)+(COUNTIF(AD$5:AD$28,"="&AD7)+1)/2 | AF7: =S4_Encoded!F7+S4_Encoded!G7+S4_Encoded!H7+S4_Encoded!J7 | AG7: =COUNTIF(AF$5:AF$28,"<"&AF7)+(COUNTIF(AF$5:AF$28,"="&AF7)+1)/2
A8: =S4_Encoded!A8 | B8: =S4_Encoded!E8 | D8: =S4_Encoded!F8 | E8: =COUNTIF(D$5:D$28,"<"&D8)+(COUNTIF(D$5:D$28,"="&D8)+1)/2 | F8: =S4_Encoded!G8 | G8: =COUNTIF(F$5:F$28,"<"&F8)+(COUNTIF(F$5:F$28,"="&F8)+1)/2 | H8: =S4_Encoded!H8 | I8: =COUNTIF(H$5:H$28,"<"&H8)+(COUNTIF(H$5:H$28,"="&H8)+1)/2 | J8: =S4_Encoded!J8 | K8: =COUNTIF(J$5:J$28,"<"&J8)+(COUNTIF(J$5:J$28,"="&J8)+1)/2 | L8: =S4_Encoded!F8+S4_Encoded!G8 | M8: =COUNTIF(L$5:L$28,"<"&L8)+(COUNTIF(L$5:L$28,"="&L8)+1)/2 | N8: =S4_Encoded!F8+S4_Encoded!H8 | O8: =COUNTIF(N$5:N$28,"<"&N8)+(COUNTIF(N$5:N$28,"="&N8)+1)/2 | P8: =S4_Encoded!F8+S4_Encoded!J8 | Q8: =COUNTIF(P$5:P$28,"<"&P8)+(COUNTIF(P$5:P$28,"="&P8)+1)/2 | R8: =S4_Encoded!G8+S4_Encoded!H8 | S8: =COUNTIF(R$5:R$28,"<"&R8)+(COUNTIF(R$5:R$28,"="&R8)+1)/2 | T8: =S4_Encoded!G8+S4_Encoded!J8 | U8: =COUNTIF(T$5:T$28,"<"&T8)+(COUNTIF(T$5:T$28,"="&T8)+1)/2 | V8: =S4_Encoded!H8+S4_Encoded!J8 | W8: =COUNTIF(V$5:V$28,"<"&V8)+(COUNTIF(V$5:V$28,"="&V8)+1)/2 | X8: =S4_Encoded!F8+S4_Encoded!G8+S4_Encoded!H8 | Y8: =COUNTIF(X$5:X$28,"<"&X8)+(COUNTIF(X$5:X$28,"="&X8)+1)/2 | Z8: =S4_Encoded!F8+S4_Encoded!G8+S4_Encoded!J8 | AA8: =COUNTIF(Z$5:Z$28,"<"&Z8)+(COUNTIF(Z$5:Z$28,"="&Z8)+1)/2 | AB8: =S4_Encoded!F8+S4_Encoded!H8+S4_Encoded!J8 | AC8: =COUNTIF(AB$5:AB$28,"<"&AB8)+(COUNTIF(AB$5:AB$28,"="&AB8)+1)/2 | AD8: =S4_Encoded!G8+S4_Encoded!H8+S4_Encoded!J8 | AE8: =COUNTIF(AD$5:AD$28,"<"&AD8)+(COUNTIF(AD$5:AD$28,"="&AD8)+1)/2 | AF8: =S4_Encoded!F8+S4_Encoded!G8+S4_Encoded!H8+S4_Encoded!J8 | AG8: =COUNTIF(AF$5:AF$28,"<"&AF8)+(COUNTIF(AF$5:AF$28,"="&AF8)+1)/2
A9: =S4_Encoded!A9 | B9: =S4_Encoded!E9 | D9: =S4_Encoded!F9 | E9: =COUNTIF(D$5:D$28,"<"&D9)+(COUNTIF(D$5:D$28,"="&D9)+1)/2 | F9: =S4_Encoded!G9 | G9: =COUNTIF(F$5:F$28,"<"&F9)+(COUNTIF(F$5:F$28,"="&F9)+1)/2 | H9: =S4_Encoded!H9 | I9: =COUNTIF(H$5:H$28,"<"&H9)+(COUNTIF(H$5:H$28,"="&H9)+1)/2 | J9: =S4_Encoded!J9 | K9: =COUNTIF(J$5:J$28,"<"&J9)+(COUNTIF(J$5:J$28,"="&J9)+1)/2 | L9: =S4_Encoded!F9+S4_Encoded!G9 | M9: =COUNTIF(L$5:L$28,"<"&L9)+(COUNTIF(L$5:L$28,"="&L9)+1)/2 | N9: =S4_Encoded!F9+S4_Encoded!H9 | O9: =COUNTIF(N$5:N$28,"<"&N9)+(COUNTIF(N$5:N$28,"="&N9)+1)/2 | P9: =S4_Encoded!F9+S4_Encoded!J9 | Q9: =COUNTIF(P$5:P$28,"<"&P9)+(COUNTIF(P$5:P$28,"="&P9)+1)/2 | R9: =S4_Encoded!G9+S4_Encoded!H9 | S9: =COUNTIF(R$5:R$28,"<"&R9)+(COUNTIF(R$5:R$28,"="&R9)+1)/2 | T9: =S4_Encoded!G9+S4_Encoded!J9 | U9: =COUNTIF(T$5:T$28,"<"&T9)+(COUNTIF(T$5:T$28,"="&T9)+1)/2 | V9: =S4_Encoded!H9+S4_Encoded!J9 | W9: =COUNTIF(V$5:V$28,"<"&V9)+(COUNTIF(V$5:V$28,"="&V9)+1)/2 | X9: =S4_Encoded!F9+S4_Encoded!G9+S4_Encoded!H9 | Y9: =COUNTIF(X$5:X$28,"<"&X9)+(COUNTIF(X$5:X$28,"="&X9)+1)/2 | Z9: =S4_Encoded!F9+S4_Encoded!G9+S4_Encoded!J9 | AA9: =COUNTIF(Z$5:Z$28,"<"&Z9)+(COUNTIF(Z$5:Z$28,"="&Z9)+1)/2 | AB9: =S4_Encoded!F9+S4_Encoded!H9+S4_Encoded!J9 | AC9: =COUNTIF(AB$5:AB$28,"<"&AB9)+(COUNTIF(AB$5:AB$28,"="&AB9)+1)/2 | AD9: =S4_Encoded!G9+S4_Encoded!H9+S4_Encoded!J9 | AE9: =COUNTIF(AD$5:AD$28,"<"&AD9)+(COUNTIF(AD$5:AD$28,"="&AD9)+1)/2 | AF9: =S4_Encoded!F9+S4_Encoded!G9+S4_Encoded!H9+S4_Encoded!J9 | AG9: =COUNTIF(AF$5:AF$28,"<"&AF9)+(COUNTIF(AF$5:AF$28,"="&AF9)+1)/2
A10: =S4_Encoded!A10 | B10: =S4_Encoded!E10 | D10: =S4_Encoded!F10 | E10: =COUNTIF(D$5:D$28,"<"&D10)+(COUNTIF(D$5:D$28,"="&D10)+1)/2 | F10: =S4_Encoded!G10 | G10: =COUNTIF(F$5:F$28,"<"&F10)+(COUNTIF(F$5:F$28,"="&F10)+1)/2 | H10: =S4_Encoded!H10 | I10: =COUNTIF(H$5:H$28,"<"&H10)+(COUNTIF(H$5:H$28,"="&H10)+1)/2 | J10: =S4_Encoded!J10 | K10: =COUNTIF(J$5:J$28,"<"&J10)+(COUNTIF(J$5:J$28,"="&J10)+1)/2 | L10: =S4_Encoded!F10+S4_Encoded!G10 | M10: =COUNTIF(L$5:L$28,"<"&L10)+(COUNTIF(L$5:L$28,"="&L10)+1)/2 | N10: =S4_Encoded!F10+S4_Encoded!H10 | O10: =COUNTIF(N$5:N$28,"<"&N10)+(COUNTIF(N$5:N$28,"="&N10)+1)/2 | P10: =S4_Encoded!F10+S4_Encoded!J10 | Q10: =COUNTIF(P$5:P$28,"<"&P10)+(COUNTIF(P$5:P$28,"="&P10)+1)/2 | R10: =S4_Encoded!G10+S4_Encoded!H10 | S10: =COUNTIF(R$5:R$28,"<"&R10)+(COUNTIF(R$5:R$28,"="&R10)+1)/2 | T10: =S4_Encoded!G10+S4_Encoded!J10 | U10: =COUNTIF(T$5:T$28,"<"&T10)+(COUNTIF(T$5:T$28,"="&T10)+1)/2 | V10: =S4_Encoded!H10+S4_Encoded!J10 | W10: =COUNTIF(V$5:V$28,"<"&V10)+(COUNTIF(V$5:V$28,"="&V10)+1)/2 | X10: =S4_Encoded!F10+S4_Encoded!G10+S4_Encoded!H10 | Y10: =COUNTIF(X$5:X$28,"<"&X10)+(COUNTIF(X$5:X$28,"="&X10)+1)/2 | Z10: =S4_Encoded!F10+S4_Encoded!G10+S4_Encoded!J10 | AA10: =COUNTIF(Z$5:Z$28,"<"&Z10)+(COUNTIF(Z$5:Z$28,"="&Z10)+1)/2 | AB10: =S4_Encoded!F10+S4_Encoded!H10+S4_Encoded!J10 | AC10: =COUNTIF(AB$5:AB$28,"<"&AB10)+(COUNTIF(AB$5:AB$28,"="&AB10)+1)/2 | AD10: =S4_Encoded!G10+S4_Encoded!H10+S4_Encoded!J10 | AE10: =COUNTIF(AD$5:AD$28,"<"&AD10)+(COUNTIF(AD$5:AD$28,"="&AD10)+1)/2 | AF10: =S4_Encoded!F10+S4_Encoded!G10+S4_Encoded!H10+S4_Encoded!J10 | AG10: =COUNTIF(AF$5:AF$28,"<"&AF10)+(COUNTIF(AF$5:AF$28,"="&AF10)+1)/2
A11: =S4_Encoded!A11 | B11: =S4_Encoded!E11 | D11: =S4_Encoded!F11 | E11: =COUNTIF(D$5:D$28,"<"&D11)+(COUNTIF(D$5:D$28,"="&D11)+1)/2 | F11: =S4_Encoded!G11 | G11: =COUNTIF(F$5:F$28,"<"&F11)+(COUNTIF(F$5:F$28,"="&F11)+1)/2 | H11: =S4_Encoded!H11 | I11: =COUNTIF(H$5:H$28,"<"&H11)+(COUNTIF(H$5:H$28,"="&H11)+1)/2 | J11: =S4_Encoded!J11 | K11: =COUNTIF(J$5:J$28,"<"&J11)+(COUNTIF(J$5:J$28,"="&J11)+1)/2 | L11: =S4_Encoded!F11+S4_Encoded!G11 | M11: =COUNTIF(L$5:L$28,"<"&L11)+(COUNTIF(L$5:L$28,"="&L11)+1)/2 | N11: =S4_Encoded!F11+S4_Encoded!H11 | O11: =COUNTIF(N$5:N$28,"<"&N11)+(COUNTIF(N$5:N$28,"="&N11)+1)/2 | P11: =S4_Encoded!F11+S4_Encoded!J11 | Q11: =COUNTIF(P$5:P$28,"<"&P11)+(COUNTIF(P$5:P$28,"="&P11)+1)/2 | R11: =S4_Encoded!G11+S4_Encoded!H11 | S11: =COUNTIF(R$5:R$28,"<"&R11)+(COUNTIF(R$5:R$28,"="&R11)+1)/2 | T11: =S4_Encoded!G11+S4_Encoded!J11 | U11: =COUNTIF(T$5:T$28,"<"&T11)+(COUNTIF(T$5:T$28,"="&T11)+1)/2 | V11: =S4_Encoded!H11+S4_Encoded!J11 | W11: =COUNTIF(V$5:V$28,"<"&V11)+(COUNTIF(V$5:V$28,"="&V11)+1)/2 | X11: =S4_Encoded!F11+S4_Encoded!G11+S4_Encoded!H11 | Y11: =COUNTIF(X$5:X$28,"<"&X11)+(COUNTIF(X$5:X$28,"="&X11)+1)/2 | Z11: =S4_Encoded!F11+S4_Encoded!G11+S4_Encoded!J11 | AA11: =COUNTIF(Z$5:Z$28,"<"&Z11)+(COUNTIF(Z$5:Z$28,"="&Z11)+1)/2 | AB11: =S4_Encoded!F11+S4_Encoded!H11+S4_Encoded!J11 | AC11: =COUNTIF(AB$5:AB$28,"<"&AB11)+(COUNTIF(AB$5:AB$28,"="&AB11)+1)/2 | AD11: =S4_Encoded!G11+S4_Encoded!H11+S4_Encoded!J11 | AE11: =COUNTIF(AD$5:AD$28,"<"&AD11)+(COUNTIF(AD$5:AD$28,"="&AD11)+1)/2 | AF11: =S4_Encoded!F11+S4_Encoded!G11+S4_Encoded!H11+S4_Encoded!J11 | AG11: =COUNTIF(AF$5:AF$28,"<"&AF11)+(COUNTIF(AF$5:AF$28,"="&AF11)+1)/2
A12: =S4_Encoded!A12 | B12: =S4_Encoded!E12 | D12: =S4_Encoded!F12 | E12: =COUNTIF(D$5:D$28,"<"&D12)+(COUNTIF(D$5:D$28,"="&D12)+1)/2 | F12: =S4_Encoded!G12 | G12: =COUNTIF(F$5:F$28,"<"&F12)+(COUNTIF(F$5:F$28,"="&F12)+1)/2 | H12: =S4_Encoded!H12 | I12: =COUNTIF(H$5:H$28,"<"&H12)+(COUNTIF(H$5:H$28,"="&H12)+1)/2 | J12: =S4_Encoded!J12 | K12: =COUNTIF(J$5:J$28,"<"&J12)+(COUNTIF(J$5:J$28,"="&J12)+1)/2 | L12: =S4_Encoded!F12+S4_Encoded!G12 | M12: =COUNTIF(L$5:L$28,"<"&L12)+(COUNTIF(L$5:L$28,"="&L12)+1)/2 | N12: =S4_Encoded!F12+S4_Encoded!H12 | O12: =COUNTIF(N$5:N$28,"<"&N12)+(COUNTIF(N$5:N$28,"="&N12)+1)/2 | P12: =S4_Encoded!F12+S4_Encoded!J12 | Q12: =COUNTIF(P$5:P$28,"<"&P12)+(COUNTIF(P$5:P$28,"="&P12)+1)/2 | R12: =S4_Encoded!G12+S4_Encoded!H12 | S12: =COUNTIF(R$5:R$28,"<"&R12)+(COUNTIF(R$5:R$28,"="&R12)+1)/2 | T12: =S4_Encoded!G12+S4_Encoded!J12 | U12: =COUNTIF(T$5:T$28,"<"&T12)+(COUNTIF(T$5:T$28,"="&T12)+1)/2 | V12: =S4_Encoded!H12+S4_Encoded!J12 | W12: =COUNTIF(V$5:V$28,"<"&V12)+(COUNTIF(V$5:V$28,"="&V12)+1)/2 | X12: =S4_Encoded!F12+S4_Encoded!G12+S4_Encoded!H12 | Y12: =COUNTIF(X$5:X$28,"<"&X12)+(COUNTIF(X$5:X$28,"="&X12)+1)/2 | Z12: =S4_Encoded!F12+S4_Encoded!G12+S4_Encoded!J12 | AA12: =COUNTIF(Z$5:Z$28,"<"&Z12)+(COUNTIF(Z$5:Z$28,"="&Z12)+1)/2 | AB12: =S4_Encoded!F12+S4_Encoded!H12+S4_Encoded!J12 | AC12: =COUNTIF(AB$5:AB$28,"<"&AB12)+(COUNTIF(AB$5:AB$28,"="&AB12)+1)/2 | AD12: =S4_Encoded!G12+S4_Encoded!H12+S4_Encoded!J12 | AE12: =COUNTIF(AD$5:AD$28,"<"&AD12)+(COUNTIF(AD$5:AD$28,"="&AD12)+1)/2 | AF12: =S4_Encoded!F12+S4_Encoded!G12+S4_Encoded!H12+S4_Encoded!J12 | AG12: =COUNTIF(AF$5:AF$28,"<"&AF12)+(COUNTIF(AF$5:AF$28,"="&AF12)+1)/2
A13: =S4_Encoded!A13 | B13: =S4_Encoded!E13 | D13: =S4_Encoded!F13 | E13: =COUNTIF(D$5:D$28,"<"&D13)+(COUNTIF(D$5:D$28,"="&D13)+1)/2 | F13: =S4_Encoded!G13 | G13: =COUNTIF(F$5:F$28,"<"&F13)+(COUNTIF(F$5:F$28,"="&F13)+1)/2 | H13: =S4_Encoded!H13 | I13: =COUNTIF(H$5:H$28,"<"&H13)+(COUNTIF(H$5:H$28,"="&H13)+1)/2 | J13: =S4_Encoded!J13 | K13: =COUNTIF(J$5:J$28,"<"&J13)+(COUNTIF(J$5:J$28,"="&J13)+1)/2 | L13: =S4_Encoded!F13+S4_Encoded!G13 | M13: =COUNTIF(L$5:L$28,"<"&L13)+(COUNTIF(L$5:L$28,"="&L13)+1)/2 | N13: =S4_Encoded!F13+S4_Encoded!H13 | O13: =COUNTIF(N$5:N$28,"<"&N13)+(COUNTIF(N$5:N$28,"="&N13)+1)/2 | P13: =S4_Encoded!F13+S4_Encoded!J13 | Q13: =COUNTIF(P$5:P$28,"<"&P13)+(COUNTIF(P$5:P$28,"="&P13)+1)/2 | R13: =S4_Encoded!G13+S4_Encoded!H13 | S13: =COUNTIF(R$5:R$28,"<"&R13)+(COUNTIF(R$5:R$28,"="&R13)+1)/2 | T13: =S4_Encoded!G13+S4_Encoded!J13 | U13: =COUNTIF(T$5:T$28,"<"&T13)+(COUNTIF(T$5:T$28,"="&T13)+1)/2 | V13: =S4_Encoded!H13+S4_Encoded!J13 | W13: =COUNTIF(V$5:V$28,"<"&V13)+(COUNTIF(V$5:V$28,"="&V13)+1)/2 | X13: =S4_Encoded!F13+S4_Encoded!G13+S4_Encoded!H13 | Y13: =COUNTIF(X$5:X$28,"<"&X13)+(COUNTIF(X$5:X$28,"="&X13)+1)/2 | Z13: =S4_Encoded!F13+S4_Encoded!G13+S4_Encoded!J13 | AA13: =COUNTIF(Z$5:Z$28,"<"&Z13)+(COUNTIF(Z$5:Z$28,"="&Z13)+1)/2 | AB13: =S4_Encoded!F13+S4_Encoded!H13+S4_Encoded!J13 | AC13: =COUNTIF(AB$5:AB$28,"<"&AB13)+(COUNTIF(AB$5:AB$28,"="&AB13)+1)/2 | AD13: =S4_Encoded!G13+S4_Encoded!H13+S4_Encoded!J13 | AE13: =COUNTIF(AD$5:AD$28,"<"&AD13)+(COUNTIF(AD$5:AD$28,"="&AD13)+1)/2 | AF13: =S4_Encoded!F13+S4_Encoded!G13+S4_Encoded!H13+S4_Encoded!J13 | AG13: =COUNTIF(AF$5:AF$28,"<"&AF13)+(COUNTIF(AF$5:AF$28,"="&AF13)+1)/2
A14: =S4_Encoded!A14 | B14: =S4_Encoded!E14 | D14: =S4_Encoded!F14 | E14: =COUNTIF(D$5:D$28,"<"&D14)+(COUNTIF(D$5:D$28,"="&D14)+1)/2 | F14: =S4_Encoded!G14 | G14: =COUNTIF(F$5:F$28,"<"&F14)+(COUNTIF(F$5:F$28,"="&F14)+1)/2 | H14: =S4_Encoded!H14 | I14: =COUNTIF(H$5:H$28,"<"&H14)+(COUNTIF(H$5:H$28,"="&H14)+1)/2 | J14: =S4_Encoded!J14 | K14: =COUNTIF(J$5:J$28,"<"&J14)+(COUNTIF(J$5:J$28,"="&J14)+1)/2 | L14: =S4_Encoded!F14+S4_Encoded!G14 | M14: =COUNTIF(L$5:L$28,"<"&L14)+(COUNTIF(L$5:L$28,"="&L14)+1)/2 | N14: =S4_Encoded!F14+S4_Encoded!H14 | O14: =COUNTIF(N$5:N$28,"<"&N14)+(COUNTIF(N$5:N$28,"="&N14)+1)/2 | P14: =S4_Encoded!F14+S4_Encoded!J14 | Q14: =COUNTIF(P$5:P$28,"<"&P14)+(COUNTIF(P$5:P$28,"="&P14)+1)/2 | R14: =S4_Encoded!G14+S4_Encoded!H14 | S14: =COUNTIF(R$5:R$28,"<"&R14)+(COUNTIF(R$5:R$28,"="&R14)+1)/2 | T14: =S4_Encoded!G14+S4_Encoded!J14 | U14: =COUNTIF(T$5:T$28,"<"&T14)+(COUNTIF(T$5:T$28,"="&T14)+1)/2 | V14: =S4_Encoded!H14+S4_Encoded!J14 | W14: =COUNTIF(V$5:V$28,"<"&V14)+(COUNTIF(V$5:V$28,"="&V14)+1)/2 | X14: =S4_Encoded!F14+S4_Encoded!G14+S4_Encoded!H14 | Y14: =COUNTIF(X$5:X$28,"<"&X14)+(COUNTIF(X$5:X$28,"="&X14)+1)/2 | Z14: =S4_Encoded!F14+S4_Encoded!G14+S4_Encoded!J14 | AA14: =COUNTIF(Z$5:Z$28,"<"&Z14)+(COUNTIF(Z$5:Z$28,"="&Z14)+1)/2 | AB14: =S4_Encoded!F14+S4_Encoded!H14+S4_Encoded!J14 | AC14: =COUNTIF(AB$5:AB$28,"<"&AB14)+(COUNTIF(AB$5:AB$28,"="&AB14)+1)/2 | AD14: =S4_Encoded!G14+S4_Encoded!H14+S4_Encoded!J14 | AE14: =COUNTIF(AD$5:AD$28,"<"&AD14)+(COUNTIF(AD$5:AD$28,"="&AD14)+1)/2 | AF14: =S4_Encoded!F14+S4_Encoded!G14+S4_Encoded!H14+S4_Encoded!J14 | AG14: =COUNTIF(AF$5:AF$28,"<"&AF14)+(COUNTIF(AF$5:AF$28,"="&AF14)+1)/2
A15: =S4_Encoded!A15 | B15: =S4_Encoded!E15 | D15: =S4_Encoded!F15 | E15: =COUNTIF(D$5:D$28,"<"&D15)+(COUNTIF(D$5:D$28,"="&D15)+1)/2 | F15: =S4_Encoded!G15 | G15: =COUNTIF(F$5:F$28,"<"&F15)+(COUNTIF(F$5:F$28,"="&F15)+1)/2 | H15: =S4_Encoded!H15 | I15: =COUNTIF(H$5:H$28,"<"&H15)+(COUNTIF(H$5:H$28,"="&H15)+1)/2 | J15: =S4_Encoded!J15 | K15: =COUNTIF(J$5:J$28,"<"&J15)+(COUNTIF(J$5:J$28,"="&J15)+1)/2 | L15: =S4_Encoded!F15+S4_Encoded!G15 | M15: =COUNTIF(L$5:L$28,"<"&L15)+(COUNTIF(L$5:L$28,"="&L15)+1)/2 | N15: =S4_Encoded!F15+S4_Encoded!H15 | O15: =COUNTIF(N$5:N$28,"<"&N15)+(COUNTIF(N$5:N$28,"="&N15)+1)/2 | P15: =S4_Encoded!F15+S4_Encoded!J15 | Q15: =COUNTIF(P$5:P$28,"<"&P15)+(COUNTIF(P$5:P$28,"="&P15)+1)/2 | R15: =S4_Encoded!G15+S4_Encoded!H15 | S15: =COUNTIF(R$5:R$28,"<"&R15)+(COUNTIF(R$5:R$28,"="&R15)+1)/2 | T15: =S4_Encoded!G15+S4_Encoded!J15 | U15: =COUNTIF(T$5:T$28,"<"&T15)+(COUNTIF(T$5:T$28,"="&T15)+1)/2 | V15: =S4_Encoded!H15+S4_Encoded!J15 | W15: =COUNTIF(V$5:V$28,"<"&V15)+(COUNTIF(V$5:V$28,"="&V15)+1)/2 | X15: =S4_Encoded!F15+S4_Encoded!G15+S4_Encoded!H15 | Y15: =COUNTIF(X$5:X$28,"<"&X15)+(COUNTIF(X$5:X$28,"="&X15)+1)/2 | Z15: =S4_Encoded!F15+S4_Encoded!G15+S4_Encoded!J15 | AA15: =COUNTIF(Z$5:Z$28,"<"&Z15)+(COUNTIF(Z$5:Z$28,"="&Z15)+1)/2 | AB15: =S4_Encoded!F15+S4_Encoded!H15+S4_Encoded!J15 | AC15: =COUNTIF(AB$5:AB$28,"<"&AB15)+(COUNTIF(AB$5:AB$28,"="&AB15)+1)/2 | AD15: =S4_Encoded!G15+S4_Encoded!H15+S4_Encoded!J15 | AE15: =COUNTIF(AD$5:AD$28,"<"&AD15)+(COUNTIF(AD$5:AD$28,"="&AD15)+1)/2 | AF15: =S4_Encoded!F15+S4_Encoded!G15+S4_Encoded!H15+S4_Encoded!J15 | AG15: =COUNTIF(AF$5:AF$28,"<"&AF15)+(COUNTIF(AF$5:AF$28,"="&AF15)+1)/2
A16: =S4_Encoded!A16 | B16: =S4_Encoded!E16 | D16: =S4_Encoded!F16 | E16: =COUNTIF(D$5:D$28,"<"&D16)+(COUNTIF(D$5:D$28,"="&D16)+1)/2 | F16: =S4_Encoded!G16 | G16: =COUNTIF(F$5:F$28,"<"&F16)+(COUNTIF(F$5:F$28,"="&F16)+1)/2 | H16: =S4_Encoded!H16 | I16: =COUNTIF(H$5:H$28,"<"&H16)+(COUNTIF(H$5:H$28,"="&H16)+1)/2 | J16: =S4_Encoded!J16 | K16: =COUNTIF(J$5:J$28,"<"&J16)+(COUNTIF(J$5:J$28,"="&J16)+1)/2 | L16: =S4_Encoded!F16+S4_Encoded!G16 | M16: =COUNTIF(L$5:L$28,"<"&L16)+(COUNTIF(L$5:L$28,"="&L16)+1)/2 | N16: =S4_Encoded!F16+S4_Encoded!H16 | O16: =COUNTIF(N$5:N$28,"<"&N16)+(COUNTIF(N$5:N$28,"="&N16)+1)/2 | P16: =S4_Encoded!F16+S4_Encoded!J16 | Q16: =COUNTIF(P$5:P$28,"<"&P16)+(COUNTIF(P$5:P$28,"="&P16)+1)/2 | R16: =S4_Encoded!G16+S4_Encoded!H16 | S16: =COUNTIF(R$5:R$28,"<"&R16)+(COUNTIF(R$5:R$28,"="&R16)+1)/2 | T16: =S4_Encoded!G16+S4_Encoded!J16 | U16: =COUNTIF(T$5:T$28,"<"&T16)+(COUNTIF(T$5:T$28,"="&T16)+1)/2 | V16: =S4_Encoded!H16+S4_Encoded!J16 | W16: =COUNTIF(V$5:V$28,"<"&V16)+(COUNTIF(V$5:V$28,"="&V16)+1)/2 | X16: =S4_Encoded!F16+S4_Encoded!G16+S4_Encoded!H16 | Y16: =COUNTIF(X$5:X$28,"<"&X16)+(COUNTIF(X$5:X$28,"="&X16)+1)/2 | Z16: =S4_Encoded!F16+S4_Encoded!G16+S4_Encoded!J16 | AA16: =COUNTIF(Z$5:Z$28,"<"&Z16)+(COUNTIF(Z$5:Z$28,"="&Z16)+1)/2 | AB16: =S4_Encoded!F16+S4_Encoded!H16+S4_Encoded!J16 | AC16: =COUNTIF(AB$5:AB$28,"<"&AB16)+(COUNTIF(AB$5:AB$28,"="&AB16)+1)/2 | AD16: =S4_Encoded!G16+S4_Encoded!H16+S4_Encoded!J16 | AE16: =COUNTIF(AD$5:AD$28,"<"&AD16)+(COUNTIF(AD$5:AD$28,"="&AD16)+1)/2 | AF16: =S4_Encoded!F16+S4_Encoded!G16+S4_Encoded!H16+S4_Encoded!J16 | AG16: =COUNTIF(AF$5:AF$28,"<"&AF16)+(COUNTIF(AF$5:AF$28,"="&AF16)+1)/2
... A28: =S4_Encoded!A28 | B28: =S4_Encoded!E28 | D28: =S4_Encoded!F28 | E28: =COUNTIF(D$5:D$28,"<"&D28)+(COUNTIF(D$5:D$28,"="&D28)+1)/2 | F28: =S4_Encoded!G28 | G28: =COUNTIF(F$5:F$28,"<"&F28)+(COUNTIF(F$5:F$28,"="&F28)+1)/2 | H28: =S4_Encoded!H28 | I28: =COUNTIF(H$5:H$28,"<"&H28)+(COUNTIF(H$5:H$28,"="&H28)+1)/2 | J28: =S4_Encoded!J28 | K28: =COUNTIF(J$5:J$28,"<"&J28)+(COUNTIF(J$5:J$28,"="&J28)+1)/2 | L28: =S4_Encoded!F28+S4_Encoded!G28 | M28: =COUNTIF(L$5:L$28,"<"&L28)+(COUNTIF(L$5:L$28,"="&L28)+1)/2 | N28: =S4_Encoded!F28+S4_Encoded!H28 | O28: =COUNTIF(N$5:N$28,"<"&N28)+(COUNTIF(N$5:N$28,"="&N28)+1)/2 | P28: =S4_Encoded!F28+S4_Encoded!J28 | Q28: =COUNTIF(P$5:P$28,"<"&P28)+(COUNTIF(P$5:P$28,"="&P28)+1)/2 | R28: =S4_Encoded!G28+S4_Encoded!H28 | S28: =COUNTIF(R$5:R$28,"<"&R28)+(COUNTIF(R$5:R$28,"="&R28)+1)/2 | T28: =S4_Encoded!G28+S4_Encoded!J28 | U28: =COUNTIF(T$5:T$28,"<"&T28)+(COUNTIF(T$5:T$28,"="&T28)+1)/2 | V28: =S4_Encoded!H28+S4_Encoded!J28 | W28: =COUNTIF(V$5:V$28,"<"&V28)+(COUNTIF(V$5:V$28,"="&V28)+1)/2 | X28: =S4_Encoded!F28+S4_Encoded!G28+S4_Encoded!H28 | Y28: =COUNTIF(X$5:X$28,"<"&X28)+(COUNTIF(X$5:X$28,"="&X28)+1)/2 | Z28: =S4_Encoded!F28+S4_Encoded!G28+S4_Encoded!J28 | AA28: =COUNTIF(Z$5:Z$28,"<"&Z28)+(COUNTIF(Z$5:Z$28,"="&Z28)+1)/2 | AB28: =S4_Encoded!F28+S4_Encoded!H28+S4_Encoded!J28 | AC28: =COUNTIF(AB$5:AB$28,"<"&AB28)+(COUNTIF(AB$5:AB$28,"="&AB28)+1)/2 | AD28: =S4_Encoded!G28+S4_Encoded!H28+S4_Encoded!J28 | AE28: =COUNTIF(AD$5:AD$28,"<"&AD28)+(COUNTIF(AD$5:AD$28,"="&AD28)+1)/2 | AF28: =S4_Encoded!F28+S4_Encoded!G28+S4_Encoded!H28+S4_Encoded!J28 | AG28: =COUNTIF(AF$5:AF$28,"<"&AF28)+(COUNTIF(AF$5:AF$28,"="&AF28)+1)/2
B30: empty→
A31: AUC → | B31: 0.5 | D31: =(SUMPRODUCT(($B$5:$B$28=0)*E$5:E$28)-(S1_Input!$B$4-S1_Input!$B$5)*((S1_Input!$B$4-S1_Input!$B$5)+1)/2)/((S1_Input!$B$4-S1_Input!$B$5)*S1_Input!$B$5) | F31: =(SUMPRODUCT(($B$5:$B$28=0)*G$5:G$28)-(S1_Input!$B$4-S1_Input!$B$5)*((S1_Input!$B$4-S1_Input!$B$5)+1)/2)/((S1_Input!$B$4-S1_Input!$B$5)*S1_Input!$B$5) | H31: =(SUMPRODUCT(($B$5:$B$28=0)*I$5:I$28)-(S1_Input!$B$4-S1_Input!$B$5)*((S1_Input!$B$4-S1_Input!$B$5)+1)/2)/((S1_Input!$B$4-S1_Input!$B$5)*S1_Input!$B$5) | J31: =(SUMPRODUCT(($B$5:$B$28=0)*K$5:K$28)-(S1_Input!$B$4-S1_Input!$B$5)*((S1_Input!$B$4-S1_Input!$B$5)+1)/2)/((S1_Input!$B$4-S1_Input!$B$5)*S1_Input!$B$5) | L31: =(SUMPRODUCT(($B$5:$B$28=0)*M$5:M$28)-(S1_Input!$B$4-S1_Input!$B$5)*((S1_Input!$B$4-S1_Input!$B$5)+1)/2)/((S1_Input!$B$4-S1_Input!$B$5)*S1_Input!$B$5) | N31: =(SUMPRODUCT(($B$5:$B$28=0)*O$5:O$28)-(S1_Input!$B$4-S1_Input!$B$5)*((S1_Input!$B$4-S1_Input!$B$5)+1)/2)/((S1_Input!$B$4-S1_Input!$B$5)*S1_Input!$B$5) | P31: =(SUMPRODUCT(($B$5:$B$28=0)*Q$5:Q$28)-(S1_Input!$B$4-S1_Input!$B$5)*((S1_Input!$B$4-S1_Input!$B$5)+1)/2)/((S1_Input!$B$4-S1_Input!$B$5)*S1_Input!$B$5) | R31: =(SUMPRODUCT(($B$5:$B$28=0)*S$5:S$28)-(S1_Input!$B$4-S1_Input!$B$5)*((S1_Input!$B$4-S1_Input!$B$5)+1)/2)/((S1_Input!$B$4-S1_Input!$B$5)*S1_Input!$B$5) | T31: =(SUMPRODUCT(($B$5:$B$28=0)*U$5:U$28)-(S1_Input!$B$4-S1_Input!$B$5)*((S1_Input!$B$4-S1_Input!$B$5)+1)/2)/((S1_Input!$B$4-S1_Input!$B$5)*S1_Input!$B$5) | V31: =(SUMPRODUCT(($B$5:$B$28=0)*W$5:W$28)-(S1_Input!$B$4-S1_Input!$B$5)*((S1_Input!$B$4-S1_Input!$B$5)+1)/2)/((S1_Input!$B$4-S1_Input!$B$5)*S1_Input!$B$5) | X31: =(SUMPRODUCT(($B$5:$B$28=0)*Y$5:Y$28)-(S1_Input!$B$4-S1_Input!$B$5)*((S1_Input!$B$4-S1_Input!$B$5)+1)/2)/((S1_Input!$B$4-S1_Input!$B$5)*S1_Input!$B$5) | Z31: =(SUMPRODUCT(($B$5:$B$28=0)*AA$5:AA$28)-(S1_Input!$B$4-S1_Input!$B$5)*((S1_Input!$B$4-S1_Input!$B$5)+1)/2)/((S1_Input!$B$4-S1_Input!$B$5)*S1_Input!$B$5) | AB31: =(SUMPRODUCT(($B$5:$B$28=0)*AC$5:AC$28)-(S1_Input!$B$4-S1_Input!$B$5)*((S1_Input!$B$4-S1_Input!$B$5)+1)/2)/((S1_Input!$B$4-S1_Input!$B$5)*S1_Input!$B$5) | AD31: =(SUMPRODUCT(($B$5:$B$28=0)*AE$5:AE$28)-(S1_Input!$B$4-S1_Input!$B$5)*((S1_Input!$B$4-S1_Input!$B$5)+1)/2)/((S1_Input!$B$4-S1_Input!$B$5)*S1_Input!$B$5) | AF31: =(SUMPRODUCT(($B$5:$B$28=0)*AG$5:AG$28)-(S1_Input!$B$4-S1_Input!$B$5)*((S1_Input!$B$4-S1_Input!$B$5)+1)/2)/((S1_Input!$B$4-S1_Input!$B$5)*S1_Input!$B$5)

Sheet S6_Parsimony
A1: S6 · Stage 3 — parsimony: the smallest set that keeps the power
A2: Add features in order of Shapley importance; stop at the smallest k whose Gini is within 5% of the full model. (The real pipeline also requires DeLong p ≥ 0.05.)
A4: k | B4: features (by importance) | C4: AUC | D4: Gini | E4: rel. Gini loss vs full | F4: within 5%?
A5: 1 | B5: Debt | C5: =S5b_Engine!$F$31 | D5: =2*C5-1 | E5: =($D$7-D5)/$D$7 | F5: =IF(E5<=0.05,"yes","no")
A6: 2 | B6: Debt + Emp | C6: =S5b_Engine!$R$31 | D6: =2*C6-1 | E6: =($D$7-D6)/$D$7 | F6: =IF(E6<=0.05,"yes","no")
A7: 3 | B7: Debt + Emp + Income | C7: =S5b_Engine!$X$31 | D7: =2*C7-1 | E7: =($D$7-D7)/$D$7 | F7: =IF(E7<=0.05,"yes","no")
A9: Selected k (smallest within 5%) | C9: =2
A10: Selected features | C10: Debt, Emp

Sheet S7_Scorecard
A1: S7 · Stage 4 — scorecard → calibrated PD (floored 0.03%)
A2: Score = sum of the selected features' WOE. PD = the observed default rate of applicants in the same score band (a hand-computable stand-in for isotonic calibration).
A4: Score band cuts (inputs) | B4: -0.692 | C4: 2.042 | D4: 3.042
A6: ID | B6: Score | C6: Band | D6: Band PD | E6: Calibrated PD (floored)
A7: =S4_Encoded!A5 | B7: =S4_Encoded!G5+S4_Encoded!H5 | C7: =1+(B7>=$B$4)+(B7>=$C$4)+(B7>=$D$4) | D7: =INDEX($B$34:$B$37,C7) | E7: =MAX(D7,0.0003)
A8: =S4_Encoded!A6 | B8: =S4_Encoded!G6+S4_Encoded!H6 | C8: =1+(B8>=$B$4)+(B8>=$C$4)+(B8>=$D$4) | D8: =INDEX($B$34:$B$37,C8) | E8: =MAX(D8,0.0003)
A9: =S4_Encoded!A7 | B9: =S4_Encoded!G7+S4_Encoded!H7 | C9: =1+(B9>=$B$4)+(B9>=$C$4)+(B9>=$D$4) | D9: =INDEX($B$34:$B$37,C9) | E9: =MAX(D9,0.0003)
A10: =S4_Encoded!A8 | B10: =S4_Encoded!G8+S4_Encoded!H8 | C10: =1+(B10>=$B$4)+(B10>=$C$4)+(B10>=$D$4) | D10: =INDEX($B$34:$B$37,C10) | E10: =MAX(D10,0.0003)
A11: =S4_Encoded!A9 | B11: =S4_Encoded!G9+S4_Encoded!H9 | C11: =1+(B11>=$B$4)+(B11>=$C$4)+(B11>=$D$4) | D11: =INDEX($B$34:$B$37,C11) | E11: =MAX(D11,0.0003)
A12: =S4_Encoded!A10 | B12: =S4_Encoded!G10+S4_Encoded!H10 | C12: =1+(B12>=$B$4)+(B12>=$C$4)+(B12>=$D$4) | D12: =INDEX($B$34:$B$37,C12) | E12: =MAX(D12,0.0003)
A13: =S4_Encoded!A11 | B13: =S4_Encoded!G11+S4_Encoded!H11 | C13: =1+(B13>=$B$4)+(B13>=$C$4)+(B13>=$D$4) | D13: =INDEX($B$34:$B$37,C13) | E13: =MAX(D13,0.0003)
A14: =S4_Encoded!A12 | B14: =S4_Encoded!G12+S4_Encoded!H12 | C14: =1+(B14>=$B$4)+(B14>=$C$4)+(B14>=$D$4) | D14: =INDEX($B$34:$B$37,C14) | E14: =MAX(D14,0.0003)
A15: =S4_Encoded!A13 | B15: =S4_Encoded!G13+S4_Encoded!H13 | C15: =1+(B15>=$B$4)+(B15>=$C$4)+(B15>=$D$4) | D15: =INDEX($B$34:$B$37,C15) | E15: =MAX(D15,0.0003)
A16: =S4_Encoded!A14 | B16: =S4_Encoded!G14+S4_Encoded!H14 | C16: =1+(B16>=$B$4)+(B16>=$C$4)+(B16>=$D$4) | D16: =INDEX($B$34:$B$37,C16) | E16: =MAX(D16,0.0003)
A17: =S4_Encoded!A15 | B17: =S4_Encoded!G15+S4_Encoded!H15 | C17: =1+(B17>=$B$4)+(B17>=$C$4)+(B17>=$D$4) | D17: =INDEX($B$34:$B$37,C17) | E17: =MAX(D17,0.0003)
A18: =S4_Encoded!A16 | B18: =S4_Encoded!G16+S4_Encoded!H16 | C18: =1+(B18>=$B$4)+(B18>=$C$4)+(B18>=$D$4) | D18: =INDEX($B$34:$B$37,C18) | E18: =MAX(D18,0.0003)
... A30: =S4_Encoded!A28 | B30: =S4_Encoded!G28+S4_Encoded!H28 | C30: =1+(B30>=$B$4)+(B30>=$C$4)+(B30>=$D$4) | D30: =INDEX($B$34:$B$37,C30) | E30: =MAX(D30,0.0003)
A32: Band observed default rate
A33: Band | B33: Observed PD
A34: 1 | B34: =IFERROR(COUNTIFS($B$7:$B$30,"<"&$B$4,S4_Encoded!$E$5:$E$28,1)/COUNTIFS($B$7:$B$30,"<"&$B$4),0)
A35: 2 | B35: =IFERROR(COUNTIFS($B$7:$B$30,">="&$B$4,$B$7:$B$30,"<"&$C$4,S4_Encoded!$E$5:$E$28,1)/COUNTIFS($B$7:$B$30,">="&$B$4,$B$7:$B$30,"<"&$C$4),0)
A36: 3 | B36: =IFERROR(COUNTIFS($B$7:$B$30,">="&$C$4,$B$7:$B$30,"<"&$D$4,S4_Encoded!$E$5:$E$28,1)/COUNTIFS($B$7:$B$30,">="&$C$4,$B$7:$B$30,"<"&$D$4),0)
A37: 4 | B37: =IFERROR(COUNTIFS($B$7:$B$30,">="&$D$4,S4_Encoded!$E$5:$E$28,1)/COUNTIFS($B$7:$B$30,">="&$D$4),0)
A38: PD floored at 0.03% (Basel CRE32.3). No accept/decline cutoff or pricing is set here — those are institution inputs.

Sheet S8_Grades
A1: S8 · grades & adverse-action reason codes
A2: Map each PD to a rating grade on the master scale, and name the feature pushing risk up the most (the exact WOE reason code).
A4: Master scale (PD → grade) | D4: Applicants
A5: grade | B5: PD floor | D5: ID | E5: PD | F5: Grade | G5: Top adverse reason
A6: AAA | B6: 0 | D6: =S7_Scorecard!A7 | E6: =S7_Scorecard!E7 | F6: =INDEX($A$6:$A$15,MATCH(E6,$B$6:$B$15,1)) | G6: =IF(MIN(S4_Encoded!G5,S4_Encoded!H5)>=0,"none (all protective)",IF(S4_Encoded!G5<=S4_Encoded!H5,"Debt","Emp"))
A7: AA | B7: 0.005 | D7: =S7_Scorecard!A8 | E7: =S7_Scorecard!E8 | F7: =INDEX($A$6:$A$15,MATCH(E7,$B$6:$B$15,1)) | G7: =IF(MIN(S4_Encoded!G6,S4_Encoded!H6)>=0,"none (all protective)",IF(S4_Encoded!G6<=S4_Encoded!H6,"Debt","Emp"))
A8: A | B8: 0.01 | D8: =S7_Scorecard!A9 | E8: =S7_Scorecard!E9 | F8: =INDEX($A$6:$A$15,MATCH(E8,$B$6:$B$15,1)) | G8: =IF(MIN(S4_Encoded!G7,S4_Encoded!H7)>=0,"none (all protective)",IF(S4_Encoded!G7<=S4_Encoded!H7,"Debt","Emp"))
A9: BBB | B9: 0.02 | D9: =S7_Scorecard!A10 | E9: =S7_Scorecard!E10 | F9: =INDEX($A$6:$A$15,MATCH(E9,$B$6:$B$15,1)) | G9: =IF(MIN(S4_Encoded!G8,S4_Encoded!H8)>=0,"none (all protective)",IF(S4_Encoded!G8<=S4_Encoded!H8,"Debt","Emp"))
A10: BB | B10: 0.04 | D10: =S7_Scorecard!A11 | E10: =S7_Scorecard!E11 | F10: =INDEX($A$6:$A$15,MATCH(E10,$B$6:$B$15,1)) | G10: =IF(MIN(S4_Encoded!G9,S4_Encoded!H9)>=0,"none (all protective)",IF(S4_Encoded!G9<=S4_Encoded!H9,"Debt","Emp"))
A11: B | B11: 0.07 | D11: =S7_Scorecard!A12 | E11: =S7_Scorecard!E12 | F11: =INDEX($A$6:$A$15,MATCH(E11,$B$6:$B$15,1)) | G11: =IF(MIN(S4_Encoded!G10,S4_Encoded!H10)>=0,"none (all protective)",IF(S4_Encoded!G10<=S4_Encoded!H10,"Debt","Emp"))
A12: CCC | B12: 0.12 | D12: =S7_Scorecard!A13 | E12: =S7_Scorecard!E13 | F12: =INDEX($A$6:$A$15,MATCH(E12,$B$6:$B$15,1)) | G12: =IF(MIN(S4_Encoded!G11,S4_Encoded!H11)>=0,"none (all protective)",IF(S4_Encoded!G11<=S4_Encoded!H11,"Debt","Emp"))
A13: CC | B13: 0.2 | D13: =S7_Scorecard!A14 | E13: =S7_Scorecard!E14 | F13: =INDEX($A$6:$A$15,MATCH(E13,$B$6:$B$15,1)) | G13: =IF(MIN(S4_Encoded!G12,S4_Encoded!H12)>=0,"none (all protective)",IF(S4_Encoded!G12<=S4_Encoded!H12,"Debt","Emp"))
A14: C | B14: 0.35 | D14: =S7_Scorecard!A15 | E14: =S7_Scorecard!E15 | F14: =INDEX($A$6:$A$15,MATCH(E14,$B$6:$B$15,1)) | G14: =IF(MIN(S4_Encoded!G13,S4_Encoded!H13)>=0,"none (all protective)",IF(S4_Encoded!G13<=S4_Encoded!H13,"Debt","Emp"))
A15: D | B15: 0.5 | D15: =S7_Scorecard!A16 | E15: =S7_Scorecard!E16 | F15: =INDEX($A$6:$A$15,MATCH(E15,$B$6:$B$15,1)) | G15: =IF(MIN(S4_Encoded!G14,S4_Encoded!H14)>=0,"none (all protective)",IF(S4_Encoded!G14<=S4_Encoded!H14,"Debt","Emp"))
D16: =S7_Scorecard!A17 | E16: =S7_Scorecard!E17 | F16: =INDEX($A$6:$A$15,MATCH(E16,$B$6:$B$15,1)) | G16: =IF(MIN(S4_Encoded!G15,S4_Encoded!H15)>=0,"none (all protective)",IF(S4_Encoded!G15<=S4_Encoded!H15,"Debt","Emp"))
D17: =S7_Scorecard!A18 | E17: =S7_Scorecard!E18 | F17: =INDEX($A$6:$A$15,MATCH(E17,$B$6:$B$15,1)) | G17: =IF(MIN(S4_Encoded!G16,S4_Encoded!H16)>=0,"none (all protective)",IF(S4_Encoded!G16<=S4_Encoded!H16,"Debt","Emp"))
D18: =S7_Scorecard!A19 | E18: =S7_Scorecard!E19 | F18: =INDEX($A$6:$A$15,MATCH(E18,$B$6:$B$15,1)) | G18: =IF(MIN(S4_Encoded!G17,S4_Encoded!H17)>=0,"none (all protective)",IF(S4_Encoded!G17<=S4_Encoded!H17,"Debt","Emp"))
D19: =S7_Scorecard!A20 | E19: =S7_Scorecard!E20 | F19: =INDEX($A$6:$A$15,MATCH(E19,$B$6:$B$15,1)) | G19: =IF(MIN(S4_Encoded!G18,S4_Encoded!H18)>=0,"none (all protective)",IF(S4_Encoded!G18<=S4_Encoded!H18,"Debt","Emp"))
D20: =S7_Scorecard!A21 | E20: =S7_Scorecard!E21 | F20: =INDEX($A$6:$A$15,MATCH(E20,$B$6:$B$15,1)) | G20: =IF(MIN(S4_Encoded!G19,S4_Encoded!H19)>=0,"none (all protective)",IF(S4_Encoded!G19<=S4_Encoded!H19,"Debt","Emp"))
D21: =S7_Scorecard!A22 | E21: =S7_Scorecard!E22 | F21: =INDEX($A$6:$A$15,MATCH(E21,$B$6:$B$15,1)) | G21: =IF(MIN(S4_Encoded!G20,S4_Encoded!H20)>=0,"none (all protective)",IF(S4_Encoded!G20<=S4_Encoded!H20,"Debt","Emp"))
D22: =S7_Scorecard!A23 | E22: =S7_Scorecard!E23 | F22: =INDEX($A$6:$A$15,MATCH(E22,$B$6:$B$15,1)) | G22: =IF(MIN(S4_Encoded!G21,S4_Encoded!H21)>=0,"none (all protective)",IF(S4_Encoded!G21<=S4_Encoded!H21,"Debt","Emp"))
D23: =S7_Scorecard!A24 | E23: =S7_Scorecard!E24 | F23: =INDEX($A$6:$A$15,MATCH(E23,$B$6:$B$15,1)) | G23: =IF(MIN(S4_Encoded!G22,S4_Encoded!H22)>=0,"none (all protective)",IF(S4_Encoded!G22<=S4_Encoded!H22,"Debt","Emp"))
D24: =S7_Scorecard!A25 | E24: =S7_Scorecard!E25 | F24: =INDEX($A$6:$A$15,MATCH(E24,$B$6:$B$15,1)) | G24: =IF(MIN(S4_Encoded!G23,S4_Encoded!H23)>=0,"none (all protective)",IF(S4_Encoded!G23<=S4_Encoded!H23,"Debt","Emp"))
D25: =S7_Scorecard!A26 | E25: =S7_Scorecard!E26 | F25: =INDEX($A$6:$A$15,MATCH(E25,$B$6:$B$15,1)) | G25: =IF(MIN(S4_Encoded!G24,S4_Encoded!H24)>=0,"none (all protective)",IF(S4_Encoded!G24<=S4_Encoded!H24,"Debt","Emp"))
D26: =S7_Scorecard!A27 | E26: =S7_Scorecard!E27 | F26: =INDEX($A$6:$A$15,MATCH(E26,$B$6:$B$15,1)) | G26: =IF(MIN(S4_Encoded!G25,S4_Encoded!H25)>=0,"none (all protective)",IF(S4_Encoded!G25<=S4_Encoded!H25,"Debt","Emp"))
D27: =S7_Scorecard!A28 | E27: =S7_Scorecard!E28 | F27: =INDEX($A$6:$A$15,MATCH(E27,$B$6:$B$15,1)) | G27: =IF(MIN(S4_Encoded!G26,S4_Encoded!H26)>=0,"none (all protective)",IF(S4_Encoded!G26<=S4_Encoded!H26,"Debt","Emp"))
... D29: =S7_Scorecard!A30 | E29: =S7_Scorecard!E30 | F29: =INDEX($A$6:$A$15,MATCH(E29,$B$6:$B$15,1)) | G29: =IF(MIN(S4_Encoded!G28,S4_Encoded!H28)>=0,"none (all protective)",IF(S4_Encoded!G28<=S4_Encoded!H28,"Debt","Emp"))

Sheet S9_Backtest
A1: S9 · Gate G4 — per-grade calibration backtest
A2: For each grade that appears: how many applicants, their observed default rate with a Wilson 95% CI, and the mean predicted PD. z = 1.96.
A4: z (95%) | B4: 1.96
A6: Grade | B6: n | C6: defaults | D6: observed PD | E6: Wilson low | F6: Wilson high | G6: mean pred PD | H6: pred in CI?
A7: AAA | B7: =COUNTIF(S8_Grades!$F$6:$F$29,A7) | C7: =SUMPRODUCT((S8_Grades!$F$6:$F$29=A7)*S4_Encoded!$E$5:$E$28) | D7: =IFERROR(C7/B7,0) | E7: =IFERROR((D7+$B$4^2/(2*B7)-$B$4*SQRT(D7*(1-D7)/B7+$B$4^2/(4*B7^2)))/(1+$B$4^2/B7),"") | F7: =IFERROR((D7+$B$4^2/(2*B7)+$B$4*SQRT(D7*(1-D7)/B7+$B$4^2/(4*B7^2)))/(1+$B$4^2/B7),"") | G7: =IFERROR(SUMPRODUCT((S8_Grades!$F$6:$F$29=A7)*S8_Grades!$E$6:$E$29)/B7,0) | H7: =IF(B7=0,"",IF(AND(G7>=E7,G7<=F7),"yes","NO"))
A8: AA | B8: =COUNTIF(S8_Grades!$F$6:$F$29,A8) | C8: =SUMPRODUCT((S8_Grades!$F$6:$F$29=A8)*S4_Encoded!$E$5:$E$28) | D8: =IFERROR(C8/B8,0) | E8: =IFERROR((D8+$B$4^2/(2*B8)-$B$4*SQRT(D8*(1-D8)/B8+$B$4^2/(4*B8^2)))/(1+$B$4^2/B8),"") | F8: =IFERROR((D8+$B$4^2/(2*B8)+$B$4*SQRT(D8*(1-D8)/B8+$B$4^2/(4*B8^2)))/(1+$B$4^2/B8),"") | G8: =IFERROR(SUMPRODUCT((S8_Grades!$F$6:$F$29=A8)*S8_Grades!$E$6:$E$29)/B8,0) | H8: =IF(B8=0,"",IF(AND(G8>=E8,G8<=F8),"yes","NO"))
A9: A | B9: =COUNTIF(S8_Grades!$F$6:$F$29,A9) | C9: =SUMPRODUCT((S8_Grades!$F$6:$F$29=A9)*S4_Encoded!$E$5:$E$28) | D9: =IFERROR(C9/B9,0) | E9: =IFERROR((D9+$B$4^2/(2*B9)-$B$4*SQRT(D9*(1-D9)/B9+$B$4^2/(4*B9^2)))/(1+$B$4^2/B9),"") | F9: =IFERROR((D9+$B$4^2/(2*B9)+$B$4*SQRT(D9*(1-D9)/B9+$B$4^2/(4*B9^2)))/(1+$B$4^2/B9),"") | G9: =IFERROR(SUMPRODUCT((S8_Grades!$F$6:$F$29=A9)*S8_Grades!$E$6:$E$29)/B9,0) | H9: =IF(B9=0,"",IF(AND(G9>=E9,G9<=F9),"yes","NO"))
A10: BBB | B10: =COUNTIF(S8_Grades!$F$6:$F$29,A10) | C10: =SUMPRODUCT((S8_Grades!$F$6:$F$29=A10)*S4_Encoded!$E$5:$E$28) | D10: =IFERROR(C10/B10,0) | E10: =IFERROR((D10+$B$4^2/(2*B10)-$B$4*SQRT(D10*(1-D10)/B10+$B$4^2/(4*B10^2)))/(1+$B$4^2/B10),"") | F10: =IFERROR((D10+$B$4^2/(2*B10)+$B$4*SQRT(D10*(1-D10)/B10+$B$4^2/(4*B10^2)))/(1+$B$4^2/B10),"") | G10: =IFERROR(SUMPRODUCT((S8_Grades!$F$6:$F$29=A10)*S8_Grades!$E$6:$E$29)/B10,0) | H10: =IF(B10=0,"",IF(AND(G10>=E10,G10<=F10),"yes","NO"))
A11: BB | B11: =COUNTIF(S8_Grades!$F$6:$F$29,A11) | C11: =SUMPRODUCT((S8_Grades!$F$6:$F$29=A11)*S4_Encoded!$E$5:$E$28) | D11: =IFERROR(C11/B11,0) | E11: =IFERROR((D11+$B$4^2/(2*B11)-$B$4*SQRT(D11*(1-D11)/B11+$B$4^2/(4*B11^2)))/(1+$B$4^2/B11),"") | F11: =IFERROR((D11+$B$4^2/(2*B11)+$B$4*SQRT(D11*(1-D11)/B11+$B$4^2/(4*B11^2)))/(1+$B$4^2/B11),"") | G11: =IFERROR(SUMPRODUCT((S8_Grades!$F$6:$F$29=A11)*S8_Grades!$E$6:$E$29)/B11,0) | H11: =IF(B11=0,"",IF(AND(G11>=E11,G11<=F11),"yes","NO"))
A12: B | B12: =COUNTIF(S8_Grades!$F$6:$F$29,A12) | C12: =SUMPRODUCT((S8_Grades!$F$6:$F$29=A12)*S4_Encoded!$E$5:$E$28) | D12: =IFERROR(C12/B12,0) | E12: =IFERROR((D12+$B$4^2/(2*B12)-$B$4*SQRT(D12*(1-D12)/B12+$B$4^2/(4*B12^2)))/(1+$B$4^2/B12),"") | F12: =IFERROR((D12+$B$4^2/(2*B12)+$B$4*SQRT(D12*(1-D12)/B12+$B$4^2/(4*B12^2)))/(1+$B$4^2/B12),"") | G12: =IFERROR(SUMPRODUCT((S8_Grades!$F$6:$F$29=A12)*S8_Grades!$E$6:$E$29)/B12,0) | H12: =IF(B12=0,"",IF(AND(G12>=E12,G12<=F12),"yes","NO"))
A13: CCC | B13: =COUNTIF(S8_Grades!$F$6:$F$29,A13) | C13: =SUMPRODUCT((S8_Grades!$F$6:$F$29=A13)*S4_Encoded!$E$5:$E$28) | D13: =IFERROR(C13/B13,0) | E13: =IFERROR((D13+$B$4^2/(2*B13)-$B$4*SQRT(D13*(1-D13)/B13+$B$4^2/(4*B13^2)))/(1+$B$4^2/B13),"") | F13: =IFERROR((D13+$B$4^2/(2*B13)+$B$4*SQRT(D13*(1-D13)/B13+$B$4^2/(4*B13^2)))/(1+$B$4^2/B13),"") | G13: =IFERROR(SUMPRODUCT((S8_Grades!$F$6:$F$29=A13)*S8_Grades!$E$6:$E$29)/B13,0) | H13: =IF(B13=0,"",IF(AND(G13>=E13,G13<=F13),"yes","NO"))
A14: CC | B14: =COUNTIF(S8_Grades!$F$6:$F$29,A14) | C14: =SUMPRODUCT((S8_Grades!$F$6:$F$29=A14)*S4_Encoded!$E$5:$E$28) | D14: =IFERROR(C14/B14,0) | E14: =IFERROR((D14+$B$4^2/(2*B14)-$B$4*SQRT(D14*(1-D14)/B14+$B$4^2/(4*B14^2)))/(1+$B$4^2/B14),"") | F14: =IFERROR((D14+$B$4^2/(2*B14)+$B$4*SQRT(D14*(1-D14)/B14+$B$4^2/(4*B14^2)))/(1+$B$4^2/B14),"") | G14: =IFERROR(SUMPRODUCT((S8_Grades!$F$6:$F$29=A14)*S8_Grades!$E$6:$E$29)/B14,0) | H14: =IF(B14=0,"",IF(AND(G14>=E14,G14<=F14),"yes","NO"))
A15: C | B15: =COUNTIF(S8_Grades!$F$6:$F$29,A15) | C15: =SUMPRODUCT((S8_Grades!$F$6:$F$29=A15)*S4_Encoded!$E$5:$E$28) | D15: =IFERROR(C15/B15,0) | E15: =IFERROR((D15+$B$4^2/(2*B15)-$B$4*SQRT(D15*(1-D15)/B15+$B$4^2/(4*B15^2)))/(1+$B$4^2/B15),"") | F15: =IFERROR((D15+$B$4^2/(2*B15)+$B$4*SQRT(D15*(1-D15)/B15+$B$4^2/(4*B15^2)))/(1+$B$4^2/B15),"") | G15: =IFERROR(SUMPRODUCT((S8_Grades!$F$6:$F$29=A15)*S8_Grades!$E$6:$E$29)/B15,0) | H15: =IF(B15=0,"",IF(AND(G15>=E15,G15<=F15),"yes","NO"))
A16: D | B16: =COUNTIF(S8_Grades!$F$6:$F$29,A16) | C16: =SUMPRODUCT((S8_Grades!$F$6:$F$29=A16)*S4_Encoded!$E$5:$E$28) | D16: =IFERROR(C16/B16,0) | E16: =IFERROR((D16+$B$4^2/(2*B16)-$B$4*SQRT(D16*(1-D16)/B16+$B$4^2/(4*B16^2)))/(1+$B$4^2/B16),"") | F16: =IFERROR((D16+$B$4^2/(2*B16)+$B$4*SQRT(D16*(1-D16)/B16+$B$4^2/(4*B16^2)))/(1+$B$4^2/B16),"") | G16: =IFERROR(SUMPRODUCT((S8_Grades!$F$6:$F$29=A16)*S8_Grades!$E$6:$E$29)/B16,0) | H16: =IF(B16=0,"",IF(AND(G16>=E16,G16<=F16),"yes","NO"))
A18: ECE (expected calibration error) | D18: =SUMPRODUCT((B7:B16/S1_Input!$B$4)*ABS(D7:D16-G7:G16))
A19: Teaching note: here the model is calibrated and backtested on the SAME 24 rows, so ECE is ~0 by construction. The real pipeline uses an 80/20 split (seed 42), where ECE and Hosmer-Lemeshow genuinely test the fit.
A20: Fairness (AIR) applies when a protected attribute is present (EEOC four-fifths, AIR ≥ 0.80). This toy set has none; see S2 for the ECOA/EDDSS rule.

Sheet S10_Verdict
A1: S10 · Gate GF — governed verdict (recommendation)
A2: The numbers roll up here. The verdict is a recommendation the human signer rules on; it is recorded on a hash-chained ledger (illustrated below).
A4: Materiality tier | B4: =S2_Governance!B19
A5: EPV | B5: =S1_Input!B8
A6: Full-model AUC | B6: =S5b_Engine!$X$31
A7: Full-model Gini | B7: =2*B6-1
A8: Calibration ECE | B8: =S9_Backtest!D18
A9: Shadow test (real > noise?) | B9: =IF(AND(S5_Shapley!D5="CONFIRMED",S5_Shapley!D6="CONFIRMED",S5_Shapley!D7="CONFIRMED"),"all pass","check")
A11: Recommended verdict | B11: =IF(B7<=0,"NO-GO (no signal)",IF(AND(B4="HIGH",OR(B5<10,B7<0.6)),"NO-GO (fails HIGH-tier bars)",IF(B7>=0.3,"GO-WITH-CONDITIONS","NO-GO (too weak)")))
A13: Conditions carried (example)
A14: • EPV below 10 — small-sample caveat (this is a 24-row teaching set).
A15: • PDs are indicative; recalibrate on a larger sample before any real use.
A16: • Benchmark/teaching only — not for live lending.
A17: • Verdict is a recommendation; a human signer rules and signs at GF.
A19: Hash-chained ledger (how each gate is sealed)
A20: Each gate's decision is recorded as entry_hash = SHA-256(previous_hash + decision_text), first 8 characters — so the record cannot be edited after signing. Excel does not compute SHA-256; the real engine does (see the AEGIS run logs).

Sheet S11_Reference
A1: S11 · thresholds & glossary
A2: Every fixed rule used in the flow, and a one-line definition of each term. Mirrors the PDF appendix.
A4: Fixed thresholds | D4: Glossary
A5: Seed (all stages) | B5: 42 | D5: WOE | E5: weight of evidence; ln(%good / %bad) in a bin.
A6: CV folds | B6: 5 (stratified) | D6: IV | E6: information value; how strongly a feature separates good from bad.
A7: IV screen | B7: ≥ 0.02 | D7: AUC | E7: P(model ranks a random bad above a random good); 0.5 = chance.
A8: χ² reliability gate | B8: min expected cell ≥ 5 | D8: Gini | E8: 2·AUC − 1; rank-ordering power.
A9: Correlation cluster cut | B9: |Spearman ρ| = 0.7 | D9: Shapley | E9: a feature's fair share of performance over all teams.
A10: Shadow players | B10: ≥ 10 (one here) | D10: Shadow-null | E10: keep a feature only if it beats a random decoy.
A11: Shadow-null bar | B11: 95th pct of shadow Shapley | D11: Parsimony | E11: smallest feature set within the Gini tolerance.
A12: Confirmation frequency | B12: ≥ 0.80 | D12: PD | E12: probability of default (calibrated).
A13: Exact Shapley cutoff | B13: ≤ 15 players | D13: Wilson CI | E13: confidence interval for a rate on small samples.
A14: Parsimony DeLong | B14: α = 0.05 | D14: ECE | E14: mean gap between predicted and observed PD.
A15: Parsimony Gini tolerance | B15: ≤ 5% relative loss | D15: EPV | E15: events (defaults) per variable; data-sufficiency measure.
A16: Calibration | B16: isotonic (here: band empirical rate) | D16: AIR | E16: adverse impact ratio; EEOC four-fifths ≥ 0.80.
A17: PD floor / cap | B17: 0.03% / 0.999 | D17: EDDSS | E17: ECOA exception letting a scorecard use age if elderly aren't penalised.
A18: EPV sufficiency | B18: ≥ 10
A19: Fairness AIR | B19: ≥ 0.80 (four-fifths)
A20: Backtest split | B20: 80/20 stratified, seed 42
